{"loss": [0.04707890376448631, 0.03965161740779877, 0.04150550439953804, 0.028515662997961044, 0.04209180921316147], "accuracy": [0.9900045394897461, 0.9904589056968689, 0.9906860589981079, 0.9938664436340332, 0.9902316927909851], "val_loss": [0.3298003077507019, 0.11063593626022339, 0.2675014138221741, 0.29207682609558105, 0.11610472202301025], "val_accuracy": [0.9207459092140198, 0.9743589758872986, 0.9347319602966309, 0.9324009418487549, 0.9673659801483154]}