{"loss": [0.23977601528167725, 0.05466063320636749, 0.03949897363781929, 0.03801191225647926, 0.033907368779182434, 0.028166092932224274, 0.025952935218811035, 0.026746628805994987, 0.026390574872493744, 0.031099170446395874], "accuracy": [0.922762393951416, 0.9843252897262573, 0.9881871938705444, 0.9872785210609436, 0.9886415004730225, 0.9897773861885071, 0.9925034046173096, 0.9918218851089478, 0.9931849241256714, 0.9904589056968689], "val_loss": [0.46021997928619385, 0.22174906730651855, 0.2970333993434906, 0.38600629568099976, 0.11498602479696274, 0.12321539968252182, 0.07697426527738571, 0.14367002248764038, 0.101872518658638, 0.10470714420080185], "val_accuracy": [0.8368298411369324, 0.9137529134750366, 0.9090909361839294, 0.8787878751754761, 0.9533799290657043, 0.9463869333267212, 0.9743589758872986, 0.9440559148788452, 0.9580419659614563, 0.9557109475135803]}