{"loss": [0.5663182735443115, 0.34992384910583496, 0.18174223601818085, 0.0989958718419075, 0.0726601704955101, 0.06282472610473633, 0.05861635133624077, 0.04038618505001068, 0.04274393245577812, 0.03886623680591583], "accuracy": [0.9747841954231262, 0.9870513677597046, 0.9881871938705444, 0.9890958666801453, 0.9870513677597046, 0.9872785210609436, 0.9868241548538208, 0.9902316927909851, 0.9915947318077087, 0.9904589056968689], "val_loss": [0.5212512016296387, 0.30707547068595886, 0.3186672627925873, 0.1911110281944275, 0.12458643317222595, 0.28640440106391907, 0.31178441643714905, 0.1634330302476883, 0.2024391144514084, 0.10438431799411774], "val_accuracy": [0.8531468510627747, 0.9370629191398621, 0.9090909361839294, 0.9463869333267212, 0.9696969985961914, 0.9254079461097717, 0.9184148907661438, 0.9510489702224731, 0.9487179517745972, 0.9720279574394226]}