{"loss": [0.5643941760063171, 0.41213467717170715, 0.340430349111557, 0.2991255819797516, 0.2495708167552948, 0.21593715250492096, 0.20184387266635895, 0.18116718530654907, 0.15728411078453064, 0.14085900783538818], "accuracy": [0.94684237241745, 0.9940935969352722, 0.9929577708244324, 0.9902316927909851, 0.9906860589981079, 0.9922762513160706, 0.9868241548538208, 0.9829623103141785, 0.9877328276634216, 0.9913675785064697], "val_loss": [0.4681764841079712, 0.4429812729358673, 0.40804600715637207, 0.30649930238723755, 0.27181750535964966, 0.1982436329126358, 0.3232932388782501, 0.25822266936302185, 0.1716379076242447, 0.14081518352031708], "val_accuracy": [0.9603729844093323, 0.939393937587738, 0.9487179517745972, 0.9650349617004395, 0.9696969985961914, 0.9883449673652649, 0.9487179517745972, 0.9580419659614563, 0.9766899943351746, 0.9813519716262817]}